{"inertia": 231.27297973632812, "silhouette_score": 0.1979025900363922}